id;descripcion;extra_1;extra_2;extra_3;extra_4;extra_5;extra_6;extra_7;extra_8;extra_9;extra_10
1;../fake-data/blob/hipster.txt;Pescado compelling niches;auxiliary program;Account Solomon Ordenador;payment;3rd;bluetooth empower Teclado;Borders Guinea;Factores multitarea;exploit Persistente Marca;Consultor Sección
2;../fake-data/blob/hipster.txt;Distrito Account XML;Exclusivo Pequeño Camiseta;gestión Visionario Práctico;Andalucía;Toallas;viral Cuentas;synthesizing;Castilla portals Coordinador;back-end Lado;robust TCP e-commerce
3;../fake-data/blob/hipster.txt;Videojuegos neural cero;brand;Queso;EXE Técnico;sinergia función;Manzana;Queso;Plástico Patatas transmitter;relationships Consultor;concepto deliver optimizada
4;../fake-data/blob/hipster.txt;solid Bedfordshire;Bielorusia;Organizado orientado aggregate;Ruanda;neural;microchip Identidad enable;program;Aragón;Verde Pizza;Negro Reducido
5;../fake-data/blob/hipster.txt;proyección;Puerto;Navarra Guapo;neural Cine Queso;Cliente bricks-and-clicks engage;Configuración Colon Moldavia;Violeta microchip;local quantify;Berkshire multi-byte;Muelle de
6;../fake-data/blob/hipster.txt;Ladrillo;digital;Algodón;Nacional programming Refinado;Negro hack Cuesta;application Account;Bedfordshire Central overriding;Kenyan Naira;Optimización program;navigating Pescado
7;../fake-data/blob/hipster.txt;el;del multi-byte;withdrawal Música;deliver Riel Reducido;hard Paraguay input;no-volátil Bedfordshire estandardización;Canarias Increible Malasia;Blanco dynamic;initiatives Azul Mascotas;Estratega
8;../fake-data/blob/hipster.txt;La;Comunicaciones;methodologies orchestrate HDD;override;Negro Cedi inversa;basado Bebes;Cambridgeshire;Berkshire Negro niches;scale deposit;HTTP
9;../fake-data/blob/hipster.txt;Granito Buckinghamshire;Account Pizza;Navarra;Regional Rican for;grupo Administrador Account;RAM;revolutionize valor;Integración acceso;online;Platinum rich
10;../fake-data/blob/hipster.txt;Camiseta strategic Market;feed;Guinea;Borders parsing;Analista;Bacon Configurable;Web Configuración;generating web;connecting user-centric Informática;connect alarm e-tailers
