id;autor;comentario;extra_1;extra_2;extra_3;extra_4;extra_5;extra_6;extra_7;extra_8;extra_9;extra_10
1;Gris multi-byte;Cliente Productor communities;Configuración Adelante;strategize;Operaciones Verde;SMTP Ladrillo infrastructures;Líbano payment;state;a;Genérico;generating Compartible Plástico;Asturias engage relationships
2;haptic AI;redundant Metal;invoice;GB Usabilidad alto;proyección;Acero Nacional;mobile;Pataca;Polarizado;Pescado Videojuegos;JBOD B2B Conjunto;innovative Borders
3;invoice Pound Administrador;Naira withdrawal;Pescado driver;móbil e-markets;backing;compressing deliver;up compress;Estratega;Buckinghamshire;Madera;Mónaco Productor;Account Interacciones solid
4;Bicicleta Savings;connecting;maximize;Guantes;estatica;Atún deposit;turn-key Home lateral;Increible;Buckinghamshire optical;Configuración;fidelidad Bacon;Malasia Enfocado online
5;withdrawal;Salchichas;Parcela Account 24;Electrónica Cine medición;de Hryvnia Mejorado;Account;Hormigon;inteligencia Account;quantify blockchains;interfaces Metal copy;modular;haptic Mascotas
6;Pescado Visionario Salud;array;Taiwan Cataluña;Configurable maximizada;Música program RSS;COM Raton;Rampa;Configurable Acero;Calidad embrace Joyería;Public-key;AI;paralelismo Jefe
7;Cambridgeshire deposit reboot;Account;Guapa coherente Mancha;Credit Violeta Fiji;synthesize Gris de;IB Pollo Sabroso;España;Qatari;open-source;bypassing Papelería configurable;payment technologies Ergonómico;overriding strategic Account
8;bus Ensalada partnerships;Morado primary;Buckinghamshire;cutting-edge Decoración;Morado;Cantabria;tangible SCSI Relacciones;enable sistemática;Quinta transicional monitor;Centralizado Won Zapatos;haptic;Directo Raton multi-byte
9;Comunidad Director;paradigms cross-platform Rioja;éxito;Versatil;Implementación Dominica Queso;Vatu Intuitivo;granular Heredado Account;Prolongación;incubate Gerente;Comunidad;Avon;rich
10;Navarra;transmitter Vía engage;Coche;enterprise discreta;Lesotho Guapo;Inteligente;Buckinghamshire Jefe Brunei;Ergonómico;holistic e-tailers Avon;fritas e-commerce;mobile estandardización Genérico;calculating Morado de
