id;img;titulo;url;autor;fecha;ciudad;estado;pais;comentarios;vistas;rating
1;virtual Inversor mobile;CFA backing;http://elvira.es;mindshare holistic bandwidth;2023-05-16T22:09:05;previsión Salchichas;La Netherlands;mobile asíncrona deliverables;27124;94190;64371
2;extend invoice back-end;tangible users Pizza;http://pilar.es;connecting Pollo;2023-05-16T23:50:03;Metal Hogar Queso;bypass;complejidad metrics;65978;78735;72515
3;mindshare Lado;basado global;https://adán.com.es;Extremadura SDD Comunicaciones;2023-05-17T05:05:03;función Danish Cantabria;indexing;functionalities Singapur bluetooth;28319;93736;43792
4;Mascotas;Blanco leverage;http://amalia.com.es;Camiseta Inversor;2023-05-17T16:52:32;Account Omán bypassing;Philippine 1080p;Valenciana impactful;96125;76094;67606
5;Loan;Planificador;https://maría luisa.com.es;Card deliverables parse;2023-05-17T00:24:09;Ordenador;port Increible;capa haptic override;43631;17446;84256
6;Amarillo trabajo Plástico;integrated;https://alejandro.info;Credit AGP port;2023-05-17T03:56:44;Chalet;RAM Directo;neural;61237;39760;65361
7;Mauritius Planificador;Cine monitor;https://manuel.info;Papelería;2023-05-17T02:33:03;transmitter;alarm;Plástico;23765;43302;65993
8;RAM Salud;Rústico intermedia 1080p;https://gerardo.com;Rambla SMS backing;2023-05-17T07:13:41;Gerente bypassing Toallas;Enfocado;panel Azul;41600;31452;22100
9;Aragón;Dollar leading-edge;https://emilia.org;programming driver;2023-05-17T17:40:53;value-added;Mesa SDD payment;Principado Granito;10180;72093;28717
10;Blanco;Morado withdrawal;http://roberto.es;Artesanal invoice;2023-05-17T00:17:26;Joyería Marroquinería transform;Azerbayán feed Gris;wireless mobile bypassing;51156;72437;20318
