id;img;titulo;url;autor;fecha;ciudad;estado;pais;comentarios;vistas;rating;extra_1;extra_2;extra_3;extra_4;extra_5;extra_6;extra_7;extra_8;extra_9;extra_10
1;Borders parsing;Especialista Estratega XML;https://maría luisa.es;invoice sensor Asistente;2023-05-17T16:17:11;navigate Papelería Extendido;Interno New;e-tailers override;11408;80825;15015;transmitting generate;Metal Bebes estructura;Borders;networks Ramal;alarm;Dobra Ingeniero compuesto;copying;Acero Ladrillo Malawi;firewall;Rojo
2;Account;extensible;http://eloisa.es;Música Factores;2023-05-17T07:40:05;Aldea;XML quantify Productor;Relacciones Algodón;84270;79851;95582;indexing calculate;synergies e-enable interfaces;Cataluña Blanco;deposit paradigms;collaborative redundant SDD;architectures navigate Investigación;Costa Palladium transmitting;Gold;neural;Desarrollador Krona action-items
3;Interno;Multi;http://mónica.es;Refinado e-commerce;2023-05-17T06:38:05;Teclado estatica Rústico;interfaces;Violeta Senegal;67709;67999;54049;deliverables;visionary auxiliary IB;Account Peso;Asociado;Account óptima;Checking Acero Corea;redundant Avenida;Algodón 24/7 Sopa;Lesotho recontextualize Verde;Morado
4;nacional real-time scalable;Videojuegos Avon;http://raúl.info;Optimizado Nacional;2023-05-16T21:41:52;Extendido;India;haptic;44432;26978;20647;Integración deliverables;generate Usabilidad;24/7 Pescado Extrarradio;quantifying Extremadura;wireless;Seguro;Guapa Diverso;Niger orientada;leverage;Pequeño Barein
5;Negro Central Blanco;program;https://miguel ángel.com.es;Corporativo;2023-05-17T20:06:56;state Pelota Decoración;India;synergistic quantify;92239;29182;53391;Rústico Cine Negro;Extremadura;Director ADP Soluciones;protocolo;bypass Negro frictionless;Director Diseñador Plástico;Marroquinería;en medición;emulación parsing copy;Cantabria platforms matrix
6;Buckinghamshire Investment Dinánmico;US Moda;https://antonio.com;programming;2023-05-17T20:02:13;Cambridgeshire Nakfa;potenciada wireless;Malagasy;18529;59853;69512;platforms;Guantes interface Algodón;Diseñador;Planificador equipos Comunicaciones;Distrito bypass;Cambridgeshire;schemas Jefe;Sopa Refinado Berkshire;Guapo Madrid;recontextualize Sorprendente navigate
7;markets neural initiatives;IB Account;https://lucía.org;Valenciana Marfil;2023-05-17T01:56:36;calculate;Rupee;RSS acompasada sexy;15875;32180;32178;deploy Papelería;EXE;Seguridada Groenlandia;Ensalada;capacitor;systems;Refinado Hormigon Somoni;Cantabria Directo Cine;Card clicks-and-mortar;portals
8;partnerships Madera;Facilitador Quinta Castilla;http://maría eugenia.org;Acero compressing;2023-05-17T05:24:45;Conjunto sistema;invoice;proactive;13879;88037;91404;circuito;Adelante Senda Fácil;Canarias haptic;Ergonómico;Islas Rand Cuentas;programming Producto Agente;Datos;Soluciones;Gerente;synthesize bypassing Juguetería
9;hacking Borders;invoice Inversor bandwidth;https://sergio.info;Avon sensor;2023-05-17T08:09:54;invoice Armenia syndicate;Hogar;transparent;22887;98421;44637;Masía index;Unido;Técnico PCI;e-business deploy a;Web payment web-readiness;de convergence;Won Valenciana;bus Borders Marroquinería;calculate;Negro Aldea Representante
10;Moda Usabilidad Market;EXE Solar Canarias;https://dorotea.com.es;TCP;2023-05-16T22:02:07;Metal Teclado;generating;firmware Polarizado;95481;74580;52822;Public-key programming SCSI;back-end Inteligente Inteligente;Savings Corporativo;Argelia Terrenos;Facilitador;cohesiva hibrida;Polígono Rústico jerarquía;Ladrillo Ensalada Guapo;Humano Home;withdrawal Bricolaje
