id;titulo;caso;img;autor;tituloix;autorix;fechaix;imgix;ciudad;estado;pais;extra_1;extra_2;extra_3;extra_4;extra_5;extra_6;extra_7;extra_8;extra_9;extra_10
1;withdrawal 1080p digital;revolutionize;withdrawal Increible Decoración;Borders parsing Mobilidad;HDD Camiseta;methodologies;2023-05-17T17:08:44;Lugar web-readiness;Nepal payment;Avon;Ergonómico solid synthesize;ADP Guinea virtual;Card;Web;Montserrat real-time Madera;Queso action-items Estratega;Programa;Sierra Hogar frictionless;architect Dinánmico;Práctico;web-readiness drive
2;ROI;compress Méjico Inversor;Vasco Avon Madera;Market Account;Sorprendente backing;Orientado Marruecos Ordenador;2023-05-17T00:40:00;Pound;Galicia;Bloque;Buckinghamshire;bluetooth application Rojo;Mobilidad;Sincronizado Burundi Increible;Asturias Centrado;Desarrollador Hong transicional;Acero;Violeta Dong orientado;Buckinghamshire;Relacciones Jefe;Market
3;content;Auto backing Lado;Canarias;revolutionary Patatas;Opcional invoice;Marroquinería direccional;2023-05-16T22:08:23;Operaciones Account Joyería;JSON Increible Asociado;Identidad moderador system;Sopa;Negro Verde system;Ladrillo Juguetería monitor;inversa Normas Sopa;alarm Buckinghamshire;quantify;Escalinata coherente;de hibrida;haptic;Refinado hack;motivadora deposit
4;Bedfordshire Investment Auto;Descentralizado;open-source auxiliary;Agente Reducido;Configurable payment;solutions integrated Tácticas;2023-05-16T21:03:29;efficient International Mascotas;Inteligente Colonia;portals;Avon Analista;Administrador;Personal Artesanal;Progresivo;quantify back-end compressing;Pollo Leu PCI;Navarra synthesizing;real-time efficient index;Rojo infrastructures;interfaz;COM
5;CSS Adelante Pantalones;synthesize;local Inteligente Moda;compressing;EXE;Silla bypass proyecto;2023-05-17T12:39:30;transmitter Representante potenciada;discreta alarm;Acero soporte;supply-chains;empower;connect Avon Won;panel Cambridgeshire;SQL;Ladrillo Intuitivo asimétrica;Extrarradio interfaz seamless;XSS Egipto neural;Borders Barranco;Futuro synergies;middleware withdrawal
6;Web bypass killer;Guapa orchestrate online;Salchichas matrix;Analista Guapa Negro;Rupee Baleares;Artesanal Salud copying;2023-05-17T15:34:48;Genérico fritas;Castilla-La;Municipio Market intranet;card value-added Gerente;Librería Azul;Pequeño;Silla Infraestructura;Multi de microchip;fritas;orientada;Azul withdrawal proporciona;multi-byte Account Galicia;Poland;SSL
7;Extremadura Bedfordshire;Madera Carretera;adaptador Madera pixel;Rojo;Hormigon;artificial;2023-05-17T10:02:40;Inteligente target;Representante reboot;Ordenador;Violeta;Plástico synthesizing;1080p Rojo;Navarra;e-markets end-to-end;Obligatorio infomediaries platforms;Berkshire Madera Ladrillo;Suecia deposit Amarillo;y website Regional;neural Pollo;functionalities capacidad bypassing
8;Apartamento;Clonado;withdrawal metrics Teclado;Implementación;Negro alarm Jefe;HDD Amarillo Castilla-La;2023-05-17T16:38:14;Intranet Identidad;Puente sistemática driver;Hecho matrices;transmitting;navigating quantify La;Huerta generating Cedi;Cataluña mobile;Rua;Blanco Orígenes Expandido;multiestado Sincronizado;Azul Berkshire;Global móbil;input;Metical Bulgarian bandwidth
9;La;Inteligente Sabroso;GB JBOD;Funcionario acompasada efficient;Account;platforms;2023-05-17T18:15:01;Ramal Oficial;sticky Funcionario;wireless;payment;deliver markets Cambridgeshire;Mesa Respuesta;generating Account Guinea-Bisau;Diseñador;Namibia Normas software;customized;Andalucía;Cine primary;input generating;input drive
10;Bebes Funcionario;Actualizable;Supervisor calculate Ordenador;index Aruba;front-end Decoración Programable;value-added;2023-05-17T11:11:03;Informática microchip enterprise;Multi Morado;enhance;Metal;Gerente Gestionado;Práctico;driver Buckinghamshire Analista;Buckinghamshire;óptima SQL;Savings Verde connecting;Bedfordshire Madera Diseñador;Blanco PCI invoice;Negro Central Austria;Ergonómico Moda Account
